{
 "record": 7,
 "t": 0.35,
 "Nx": 8,
 "Np": 4,
 "flags": 2,
 "variants": [
  {
   "vid": 1,
   "wmin": -0.25,
   "wmax": 1.5,
   "E": 2.5,
   "x_mean": 1.0,
   "x_std": 0.5,
   "p_mean": -1.0,
   "p_std": 0.25,
   "purity": 0.875,
   "dt": 0.01,
   "wq": [
    9864,
    5849,
    64461,
    50721,
    65473,
    42897,
    22113,
    28762,
    5668,
    28378,
    4802,
    56269,
    34957,
    5632,
    46606,
    45702,
    33259,
    13203,
    437,
    6172,
    21388,
    34503,
    25325,
    63938,
    17521,
    48218,
    3375,
    49882,
    38720,
    47020,
    33443,
    51515
   ],
   "rho": [
    0.12811362743377686,
    0.4503859281539917,
    0.3707980215549469,
    0.926764965057373,
    0.6438651084899902,
    0.822761595249176,
    0.44341421127319336,
    0.2272387146949768
   ],
   "phi": [
    0.554584801197052,
    0.06381725519895554,
    0.8276311755180359,
    0.6316643953323364
   ]
  },
  {
   "vid": 2,
   "wmin": -0.25,
   "wmax": 1.5,
   "E": 2.5,
   "x_mean": 1.0,
   "x_std": 0.5,
   "p_mean": -1.0,
   "p_std": 0.25,
   "purity": 0.875,
   "dt": 0.01,
   "wq": [
    29685,
    10828,
    2499,
    49682,
    31007,
    45909,
    14014,
    23234,
    13449,
    4451,
    43629,
    63615,
    37692,
    29208,
    38391,
    58531,
    6576,
    44428,
    9231,
    51012,
    50448,
    49800,
    55204,
    12755,
    61975,
    23848,
    1815,
    30587,
    17465,
    32623,
    47421,
    2870
   ],
   "rho": [
    0.15428949892520905,
    0.6830489635467529,
    0.7447621822357178,
    0.9675097465515137,
    0.32582536339759827,
    0.3704597055912018,
    0.4695558249950409,
    0.18947136402130127
   ],
   "phi": [
    0.12992151081562042,
    0.47570493817329407,
    0.2269093543291092,
    0.6698139905929565
   ]
  }
 ]
}